Obama,Obama's,,,,
Wright,Wright's,,,,
Hose,Hose's,,,,
Black,black,blacks,negro,Negro,
White,white,whites,,,
Race,race,racial,races,Races,
Racism,racist,racism,Racist,African American,
America,United States,United States of America,,,
A More Perfect Union,speech,Speech,,,
Hope,hopeful,hope,Hopeful,,
Optimistic,optimistic,,,,
Damn,damn,,,,
Angry,anger,angry,Anger,,
Unequal,unequal,,,,
Suspect,suspicion,suspect,Suspicion,,
Condemn,condemnation,condemn,Condemnation,,
Pall,pall,,,,
Minimize,minimize,minimizing,Minimizing,,
Issue,issue,,,,
Gamble,gamble,,,,
Historical,historical,,,,
Intimate,intimate,,,,
Controversy,controversy,,,,
Red Herring,red herring,,,,
Win,win,,,,
Watershed,watershed,,,,
Pundit,pundits,,,,
Deferential,deferential,,,,
Diverse,diverse,,,,
Folly,folly,,,,
Impact,impact,,,,
Praise,praise,,,,
Restraint,restraint,restrained,Restrained,,
Greatest,greatest,great,Great,,
Critique,criticism,critiqued,critique,Criticism,Critiqued
Candor,candor,,,,
Rich,rich,,,,
Powerful,powerful,,,,
Provocative,provocative,provocatively,,,
Lynch,lynch,Lynching,lynching,,
Scrupulous,scrupulous,,,,
Bold,bold,,,,
Plain,plain,plainly,,,
Culpable,culpable,culpability,,,
Paranoia,paranoia,,,,
Necessary,necessary,,,,
Sincere,sincere,,,,
Disingenuous,disingenuous,,,,
Disgust,disgust,,,,
Force,forcing,force,Forcing,Forces,forces
Self-Defence,self-defence,,,,
Crazed,crazed,,,,
Vengeful,vengeful,,,,
Murder,murder,killed,kill,Killed,Kill
Hate,hate,Hatred,hatred,,
Grisly,grisly,,,,
Mob,mob,,,,
Fueled,fueled,,,,
Frenzied,frenzied,,,,
Belief,belief,Believe,believe,,
Violated,violated,,,,
Establish,established,Estabilishing,establishing,establish,Established
Allegedly,allegedly,,,,
Espousing,espousing,,,,
Against,against,,,,
Well-Regarded,well-regarded,,,,
Discredit,discredited,discredit,discrediting,,
Adided,aided,,,,
Abetted,abetted,,,,
Bitter,bitter,,,,
Distorted,distorted,,,,
Endemic,endemic,,,,
Elevates,elevates,,,,
Wrong,wrong,,,,
Right,right,,,,
Contradicts,contradicts,,,,
Inequality,inequality,,,,
Alive,alive,,,,
Well,well,,,,
Patriot,patriot,,,,
Goodwill,goodwill,,,,
Contrary,contrary,,,,
Behind,behind,,,,
Wonderful,wonderful,,,,
Jeremiad,jeremiad,jeremiads,Jeremiads,,
Chosen,chosen,,,,
Exceptionalism,exceptionalism,,,,
Fail,failed,,,,
Justice,justice,,,,
Tricky,tricky,,,,
Limited,limited,,,,
Success,success,,,,
Grievances,grievances,,,,
Reason,reason,,,,
Deliberation,deliberation,,,,
Consternation,consternation,,,,
Emotional,emotional,,,,
Problem,problem,,,,
Cool,cool,,,,
Eloquence,eloquence,,,,
Harm,harm,,,,
Merit,merit,,,,
Independence,independence,,,,
Challenge,challenge,,,,
Obsession,obsession,,,,
Separation,separation,,,,
Dramatic,dramatic,,,,
Painful,painful,,,,
Seized,seized,,,,
Truth,truth,,,,
Admirable,admirable,,,,
Control,control,,,,
Hostility,hostility,,,,
Imbalance,imbalance,,,,
Effect,effect,,,,
Hionest,honest,,,,
Audacity,audacity,,,,